company_name,industry,tier,Location-1,Location-2
"24/7 inc",analytics,1,Bangalore,
absolutdata,analytics,1,Hyderabad,Gurgaon
accenture,analytics,1,Gurgaon,Bangalore
actiknow consulting delhi,analytics,3,Delhi,
airtel,analytics,1,Gurgaon,
amazon,analytics,1,Chennai,
amba research,analytics,2,Bangalore,
ameriprise,analytics,2,,
amex(american express),analytics,1,Gurgaon,
analytics eye,analytics,3,Bangalore,
analytics quotient,analytics,1,Bangalore,
anz,analytics,2,Bangalore,
aol,analytics,2,,
bank of america,analytics,2,Gurgaon,Hyderabad
barclays bank,analytics,2,Noida,Hyderabad
bharatmatrimony.com,analytics,3,Chennai,Hyderabad
boston analytics,analytics,1,,Gurgoan
bravo lucy,analytics,3,Hyderabad,
bridgei2i analytics solutions,analytics,2,Bangalore,
calimere,analytics,3,,
capital one,analytics,1,Bangalore,Gurgaon
caterpillar,analytics,2,Chennai,
citibank,analytics,1,Mumbai,Bangalore
cognizant,analytics,2,Bangalore,Gurgaon
copalpartners,analytics,1,Gurgaon,
cytel softwares,analytics,3,Pune,Cambridge
decidyn,analytics,3,,
dell,analytics,2,Bangalore,
deloitte,analytics,1,Hyderabad,
denuosource,analytics,2,Hyderabad,
dexterity,analytics,2,Chennai,
diamond management consultants.,analytics,1,,
dun & bradstreet,analytics,1,Chennai,
dunnhumby,analytics,1,Gurgaon,
ebay,analytics,1,Chennai,
ekcelon,analytics,2,Bangalore,
equifax,analytics,2,,
fair isaac india,analytics,1,Bangalore,
fidelity,analytics,1,Bangalore,
first order analytics.,analytics,2,,
ford business service center pvt. ltd.,analytics,2,Chennai,
fractal analytics,analytics,1,Bangalore,Mumbai
ge money,analytics,2,Hyderabad,
general mills,analytics,3,Mumbai,
genpact,analytics,1,Gurgaon,Bangalore
global analytics,analytics,1,Chennai,
global data,analytics,3,Hyderabad,
hdfc bank,analytics,2,Mumbai,
hewitt associates(now aon-hr analytics),analytics,2,Delhi/NCR,
hp,analytics,2,Bangalore,Gurgaon
hsbc,analytics,1,Bangalore,Kolkata
ibm,analytics,2,Bangalore,Mumbai
icici bank,analytics,2,Mumbai,
icici securities,analytics,2,Mumbai,
icon,analytics,3,Chennai,
idea,analytics,2,Mumbai,
indegene,analytics,3,,
inductis (an exl company),analytics,1,Gurgaon,Mumbai
infosys,analytics,2,Bangalore,
intouch analytics,analytics,3,Bangalore,
ipsos,analytics,3,Bangalore,
irevena,analytics,2,Chennai,
jigyasa analytics,analytics,3,,
john deere(inhouse analytics),analytics,2,Pune,
jpmorgan chase,analytics,1,Mumbai,Bangalore
kairoleaf,analytics,3,Mumbai,
kiesquare analytics,analytics,2,,
knowledge foundry,analytics,3,Bangalore,
koncept analytics,analytics,3,,
latentview analytics,analytics,1,,
lehmann brothers (nomura),analytics,1,Mumbai,
morgan stanley,analytics,1,,
madison business analytics,analytics,2,Bangalore,
market equations,analytics,3,Bangalore,
marketics-(now wns),analytics,1,Bangalore,Delhi
marketrx(now cognizant),analytics,1,Gurgaon,
mathema analytics gurgaon,analytics,3,Gurgaon,
meritus global,analytics,2,Bangalore,
microsoft,analytics,1,Bangalore,
modelytics,analytics,2,,
mu-sigma,analytics,1,Bangalore,
netpositive,analytics,2,Bangalore,
nielsen,analytics,1,Mumbai,Vadodara
nokia networks,analytics,2,Gurgaon,
novartis inc,analytics,1,Hyderabad,
pharmarc analytic solution.,analytics,2,Bangalore,
pipalresearch,analytics,2,New Delhi,Bangalore
prudential,analytics,1,,
quattro,analytics,2,gurgaon,chennai
rbs,analytics,1,Bangalore,
rci,analytics,3,,
redpill solutions (ibm daksh),analytics,3,Chennai,
rmsi,analytics,3,Noida,
rsg media systems,analytics,3,Bangalore,
sbi-ge,analytics,2,,
scope international,analytics,2,Chennai,Bangalore
smartanalyst,analytics,2,,
standard chartered bank,analytics,2,,
swiss re,analytics,2,Bangalore,
symphony services,analytics,1,Bangalore,
target corp,analytics,1,Bangalore,
tata strategic management,analytics,1,Mumbai,
tcs,analytics,2,Mumbai,Bangalore
teg analytics bangalore,analytics,2,Bangalore,
tesco,analytics,2,Bangalore,
the smart cube,analytics,1,Noida,
transorg,analytics,1,Gurgaon,
transunion,analytics,2,,
trendwise analytics,analytics,2,Bangalore,
vodafone telecommunications,analytics,2,Chennai,Mumbai
wipro,analytics,3,Bangalore,
wns,analytics,2,Bangalore,
yes bank,analytics,2,Mumbai,
zs associates,analytics,1,Pune,Gurgaon
google ,product,1,,
amazon ,product,1,,
facebook,product,1,,
aol ,product,1,,
sun ,product,3,,
oracle ,product,2,,
mcafee ,product,1,,
emc-square ,product,1,,
microsoft ,product,1,,
yahoo! ,product,2,,
goldman sachs ,product,1,,
e&y ,product,3,,
netapp ,product,1,,
ibm (isl) ,product,3,,
hp ,product,3,,
sap ,product,2,,
huawei ,product,2,,
mportal ,product,3,,
teledna ,product,3,,
vmware ,product,1,,
onmobile ,product,2,,
nds,product,3,,
omniture,product,3,,
mckinsey,analytics,1,,
bain capability centre,analytics,1,,
boston consulting group,analytics,1,,
absolute infotech pvt ltd,IT,5,,
access automation pvt ltd,IT,5,,
adeptpros it solutions pvt ltd.,IT,5,,
adps consulting,IT,5,,
advanz knowledge systems pvt ltd,IT,,,
alyosha consultancy service,IT,,,
ambujex technologies (p) ltd,IT,,,
amplus group,IT,,,
anand software and training,IT,,,
anush infobase,IT,,,
apps reach,IT,,,
ariane techno solutions,IT,,,
aufait technologies pvt ltd,IT,,,
avankia,IT,,,
avekshaa technologies,IT,,,
avishkaar techno solutions private limited,IT,,,
axxonet solutions india,IT,,,
bavales software solutions pvt ltd,IT,5,,
baymap systems,IT,,,
bfsi software consulting (p) ltd,IT,,,
big ben solutions,IT,,,
biretail solutions (india) pvt ltd,IT,,,
blis,IT,,,
caddons computer services pvt ltd,IT,,,
calcue info services pvt ltd,IT,,,
cerulean information technology pvt ltd,IT,,,
channelsoftech pvt ltd,IT,,,
chimera technologies pvt ltd,IT,,,
clockwork business solutions (p) ltd,IT,,,
cloudnix software lab,IT,,,
cogitate consulting private limited,IT,,,
competensys solutions,IT,,,
cosmonet solutions pvt ltd,IT,,,
craft silicon pvt limited,IT,,,
creosky software pvt ltd,IT,,,
cross-tab,IT,,,
24/7 customer pvt ltd ,IT,,,
247 learning solutions pvt ltd ,IT,,,
accenture services pvt ltd ,IT,,,
accord software & systems pvt ltd ,IT,,,
acme insurance services pvt ltd ,IT,,,
adaptec (india) pvt ltd ,IT,,,
adea international pvt ltd ,IT,,,
aditi technologies pvt ltd ,IT,,,
affiliated computer services of india (p) ltd (acs) ,IT,,,
ajax.com pvt ltd ,IT,,,
akamai technologies india pvt ltd ,IT,,,
altair engineering india pvt ltd ,IT,,,
antares systems ltd ,IT,,,
anz information technology pvt. ltd. ,IT,,,
arowana consulting ltd ,IT,,,
artech infosystems pvt ltd ,IT,,,
ascendas property management services (india) pvt ltd ,IT,,,
asm technologies ltd ,IT,,,
aspect technology center (india) pvt ltd ,IT,,,
avaya globalconnect ltd ,IT,,,
axes technologies (i) pvt ltd ,IT,,,
aztecsoft ltd ,IT,,,
baehal software limited ,IT,,,
bahwan cybertek pvt ltd ,IT,,,
bangalore softsell ltd ,IT,,,
bells softech limited ,IT,,,
beml technology division (a div of bharat earth movers ltd) ,IT,,,
bharti telesoft ltd. ,IT,,,
blue chip computer consultants pvt ltd ,IT,,,
blue star infotech ltd ,IT,,,
borland india pvt ltd ,IT,,,
business process outsourcing (india) pvt ltd ,IT,,,
c1 india pvt ltd ,IT,,,
cable and wireless (india) ltd ,IT,,,
cadence design systems india pvt. ltd ,IT,,,
cades digitech pvt ltd ,IT,,,
canarys automation pvt ltd ,IT,,,
canbank computer services ltd. ,IT,,,
capco it services india pvt ltd ,IT,,,
capital one services (india) pvt ltd ,IT,,,
cb richard ellis south asia pvt ltd ,IT,,,
ccg (india) pvt ltd ,IT,,,
ccg (india) pvt ltd ,IT,,,
celstream technologies pvt ltd ,IT,,,
centre for development of advanced computing (c - dac) ,IT,,,
cg-smith software pvt ltd ,IT,,,
cgi information systems and management consultants pvt ltd ,IT,,,
citec information india pvt ltd ,IT,,,
citigroup information technology operations and solutions ltd ,IT,,,
citrix systems india pvt ltd ,IT,,,
city info services pvt ltd ,IT,,,
cli3l e-services limited ,IT,,,
comat technologies (p) ltd. ,IT,,,
coreobjects india pvt. ltd. ,IT,,,
corpus software pvt ltd ,IT,,,
corpus software pvt ltd ,IT,,,
cranes software international ltd ,IT,,,
crimsonlogic india pvt ltd ,IT,,,
crossdomain solutions pvt ltd ,IT,,,
cyrca data security solutions (p) ltd ,IT,,,
e 3 dimesions,IT,,,
eaft technologies pvt ltd,IT,,,
enphiniti engineering solutions,IT,,,
enterprise patterns,IT,,,
eorb solutions inc,IT,,,
esika infotech private limited,IT,,,
ethicsoft technologies pvt ltd,IT,,,
evangelsoft,IT,,,
evangelsoft private limited,IT,,,
evude software pvt ltd,IT,,,
exultsoft technologies pvt ltd,IT,,,
ezeecloud infoservers pvt ltd,IT,,,
fas dec,IT,,,
faststream technologies,IT,,,
fomax information technologies pvt ltd,IT,,,
foodeebuddee services pvt ltd,IT,,,
friendly advanced software technologies,IT,,,
frontier hr & payroll pvt ltd,IT,,,
funvoltage technologies pvt ltd,IT,,,
galaxy km solutions pvt ltd,IT,,,
geniusport,IT,,,
global itechnologies,IT,,,
glopore ims,IT,,,
gosys infotech,IT,,,
grace system technology labs (india) pvt ltd,IT,,,
grafixion,IT,,,
granada software,IT,,,
greypath solutions,IT,,,
hasten technologies pvt ltd,IT,,,
hibiscus technology solutions private limited,IT,,,
hypertech solutions,IT,,,
e-infochips ltd. ,IT,,,
e4e labs pvt ltd ,IT,,,
e4e labs pvt ltd ,IT,,,
easiprocess pvt ltd ,IT,,,
eduquity career technologies pvt ltd ,IT,,,
edurite technologies pvt ltd ,IT,,,
electronics for imaging india pvt ltd ,IT,,,
elitecore technologies ltd ,IT,,,
emc data storage systems (india) private limited ,IT,,,
fcg software services (india) pvt ltd ,IT,,,
fiorano software technologies pvt ltd ,IT,,,
first indian corporation pvt ltd ,IT,,,
first indian corporation pvt ltd ,IT,,,
focus infosys (india) pvt. ltd. ,IT,,,
fortune infotech ltd ,IT,,,
franklin templeton international services (india) pvt ltd ,IT,,,
gci solutions pvt ltd ,IT,,,
ge consumer & industrial - india innovation center (a div. of ge india exports) ,IT,,,
genisys integrating systems (i) pvt. ltd. ,IT,,,
global edge software ltd ,IT,,,
gxs india technology centre pvt. ltd. ,IT,,,
harbinger techaxes pvt ltd ,IT,,,
harita infoserve ltd ,IT,,,
harris jayanti technologies ,IT,,,
hcl technologies bpo services ltd ,IT,,,
hewlett-packard globalsoft ltd ,IT,,,
hewlett-packard india sales pvt ltd ,IT,,,
hinduja tmt ltd ,IT,,,
honeywell technology solutions lab pvt ltd ,IT,,,
human base india inc. ,IT,,,
i2 technologies india pvt ltd ,IT,,,
i2i enterprise ltd ,IT,,,
ibm india pvt ltd ,IT,,,
ideb construction projects (p) ltd ,IT,,,
igate global solutions ltd ,IT,,,
impact solutions (p) ltd ,IT,,,
india insure risk management services pvt ltd ,IT,,,
india prepaid services pvt ltd ,IT,,,
india satcom ltd. ,IT,,,
infineon technologies india pvt ltd ,IT,,,
infineon technologies r&d centre ,IT,,,
infinite computer solutions (india) pvt ltd ,IT,,,
infopac software pvt. ltd. ,IT,,,
information technology park ltd ,IT,,,
infosys technologies ltd ,IT,,,
inknowtech private limited ,IT,,,
integra techsoft pvt. ltd. ,IT,,,
integrated property management & services ltd ,IT,,,
"intel asia electronics, Inc ",IT,,
intercope (india) pvt. ltd ,IT,,,
intersoftkk (india) pvt ltd ,IT,,,
interwoven software services india pvt ltd ,IT,,,
intuit technology services pvt ltd ,IT,,,
ionic microsystems pvt. ltd ,IT,,,
ionidea enterprise solutions pvt ltd ,IT,,,
ishoni networks ,IT,,,
itc infotech india ltd ,IT,,,
iteamic pvt ltd ,IT,,,
itti limited ,IT,,,
itti pvt. ltd ,IT,,,
ivl india pvt ltd ,IT,,,
i-link software private limited,IT,,,
icube logics (i) pvt ltd,IT,,,
ind global consultancy solutions,IT,,,
indium global services,IT,,,
inflexion,IT,,,
info 2 day,IT,,,
infosat datalink services pvt ltd,IT,,,
innosoft datalinks private limited,IT,,,
innovature technologies,IT,,,
innovays technologies,IT,,,
iq software services p ltd,IT,,,
isleen solutions pvt ltd,IT,,,
isoke technologies & services pvt ltd,IT,,,
isqt process & consulting services pvt ltd,IT,,,
iterum healthcare technologies,IT,,,
itriangle infotech private limited,IT,,,
ixplore solutions,IT,,,
jbk infotech pvt ltd,IT,,,
jmj technologies,IT,,,
jobsolutions4all,IT,,,
kartel technologies,IT,,,
kenspeckle infosystems pvt ltd,IT,,,
keystone logic solutions pvt ltd,IT,,,
kloc technologies,IT,,,
knowledge varsity,IT,,,
knowx innovations pvt ltd,IT,,,
kurios theles business solutions (india) pvt ltd,IT,,,
kyrus technologies llp,IT,,,
j. sagar associates ,IT,,,
j235 software india pvt ltd ,IT,,,
kinfotech private limited ,IT,,,
klg systel ltd ,IT,,,
kmg infotech pvt ltd ,IT,2,,
kpmg advisory services private limited ,IT,2,,
krone communications ltd. ,IT,,,
larsen & toubro infotech limited ,IT,,,
lec india software centre pvt. ltd ,IT,,,
lg soft india ,IT,,,
lg soft india pvt. ltd. ,IT,,,
linc software services pvt. ltd. ,IT,,,
liqwid krystal india pvt ltd ,IT,,,
logica ,IT,,,
login infotech private limited ,IT,,,
logix microsystems ltd ,IT,,,
mindtree consulting pvt. ltd. ,IT,,,
mistral solutions pvt. ltd. ,IT,,,
navayuga infotech pvt. ltd. ,IT,,,
nelito systems limited ,IT,,,
neoit.com pvt ltd ,IT,,,
neosoft technologies pvt ltd ,IT,,,
netgalactic ,IT,,,
network appliance systems (india) pvt ltd ,IT,,,
newgen software technologies ltd ,IT,,,
next link (p) ltd ,IT,,,
nich - in software solutions pvt. ltd. ,IT,,,
nirvana business solutions pvt ltd ,IT,,,
nous infosystems pvt ltd ,IT,,,
novell software development (i) ltd ,IT,,,
novell software development (india) ltd ,IT,,,
numark software pvt. ltd. ,IT,,,
nvidia graphics pvt ltd ,IT,,,
objectwin technology india pvt ltd ,IT,,,
omnesys technologies pvt ltd ,IT,,,
optimus outsourcing company ltd ,IT,,,
oracle india pvt ltd ,IT,,,
perot systems tsi (india) ltd ,IT,,,
persistent systems pvt. ltd. ,IT,,,
pharmarc analytic solutions pvt ltd ,IT,,,
phoenix global solutions india pvt. ltd. ,IT,,,
picopeta simputers pvt ltd ,IT,,,
pramati technologies (p) limited ,IT,,,
pricewaterhousecoopers pvt ltd ,IT,,,
progress software development pvt ltd ,IT,,,
proteans software solutions pvt ltd ,IT,,,
prudente solution pvt ltd ,IT,,,
psi data systems ltd. ,IT,,,
ptc software (india) pvt ltd ,IT,,,
pyramid it consulting pvt ltd ,IT,,,
quality engineering and software technologies pvt ltd ,IT,,,
quantum-link communications pvt ltd ,IT,,,
quintegra solutions ltd. ,IT,,,
radiant infosystems (p) ltd ,IT,,,
ram informatics ltd. ,IT,,,
rapidigm (india) limited ,IT,,,
rational software corporation (india) pvt. ltd. ,IT,,,
reach sewn technologies & consulting pvt. ltd. ,IT,,,
real soft (intl) pvt ltd ,IT,,,
realtime techsolutions pvt ltd ,IT,,,
red hat india pvt ltd ,IT,,,
regus business centre (bangalore) pvt ltd ,IT,,,
relq software pvt ltd ,IT,,,
repcol (india) pvt ltd ,IT,,,
robert bosch india ltd ,IT,,,
rolta india ltd. ,IT,,,
last mile consultants technology solutions pvt ltd,IT,,,
leachi enterprises,IT,,,
lenvica computer solutions pvt ltd,IT,,,
levin software technologies,IT,,,
ligature software pvt ltd,IT,,,
live web solutions,IT,,,
logesys solutions india pvt ltd,IT,,,
macnsys,IT,,,
maktree software solution pvt. ltd,IT,,,
mangium infotech pvt ltd,IT,,,
mansoft technologies pvt ltd,IT,,,
mentor labs,IT,,,
mentorware india pvt ltd,IT,,,
minds2mentor technology pvt ltd,IT,,,
moksha digital,IT,,,
mpowerglobal,IT,,,
multunus software,IT,,,
mywavia studios pvt ltd,IT,,,
nano kernel ltd,IT,,,
neev information technology,IT,,,
neologik india,IT,,,
ness technologies,IT,,,
nettwen technologies,IT,,,
nichepro consulting llc,IT,,,
nichi-in software solutions pvt ltd,IT,,,
niecom international bg pvt ltd,IT,,,
niovo it consultants & solutions,IT,,,
nlp labs pvt ltd,IT,,,
nuevo network,IT,,,
om kar soft,IT,,,
optotech systems,IT,,,
osprosys software (p) ltd,IT,,,
pacificsolutions,IT,,,
peertone technologies,IT,,,
peopleplus professional services,IT,,,
permeative technologies,IT,,,
pioneer ct,IT,,,
pragna technologies,IT,,,
priority software solutions,IT,,,
productiva it solutions,IT,,,
prolific minds professional services,IT,,,
purpleframe technologies pvt ltd,IT,,,
qcon,IT,,,
qsit pvt ltd,IT,,,
raise solutions pvt ltd,IT,,,
ram genex technologies pvt ltd,IT,,,
reignsoft solutions,IT,,,
replicon software,IT,,,
rishi systems pvt limited,IT,,,
riverdale software solutions pvt ltd,IT,,,
ronanki infotech pvt ltd,IT,,,
ryan info tech pvt ltd,IT,,,
s r consultants,IT,,,
sakhatech information technologies,IT,,,
sap recruit,IT,,,
satmetrix,IT,,,
satya technological solutions,IT,,,
sdsoft solutions (india) pvt ltd,IT,,,
seajin technology,IT,,,
shakthi resource,IT,,,
sharaan infosystems,IT,,,
shikshainfotech,IT,,,
simpragma solutions pvt ltd,IT,,,
skelta software,IT,,,
slk software,IT,,,
snyxius technologies,IT,,,
softwareshouse,IT,,,
source(n) india pvt ltd,IT,,,
sourceedge software technologies pvt ltd,IT,,,
spherehead communications (p) ltd,IT,,,
sr bizsciences,IT,,,
sriva technologies,IT,,,
sts research,IT,,,
studio greenand software design (p) ltd,IT,,,
suksh technology pvt ltd,IT,,,
sumeru software solutions pvt ltd,IT,,,
synapse infonet,IT,,,
synova innovation technologies,IT,,,
systems,IT,,,
s r nova pvt ltd ,IT,,,
saastha infotech pvt ltd ,IT,,,
sage design systems (india) pvt ltd ,IT,,,
sampoorna matchjobs.com pvt ltd ,IT,,,
samsung electronics india software operations (siso) ,IT,,,
samsung sds co ltd. ,IT,,,
sanyo lsi technology india pvt. ltd. ,IT,,,
sap india pvt. ltd ,IT,,,
sapient corporation pvt ltd ,IT,,,
sarnoff innovative technologies pvt ltd ,IT,,,
sasken communication technologies limited ,IT,,,
satellite infotech services pvt ltd ,IT,,,
science applications international corporation (saic) - india branch office ,IT,,,
sct software solutions (india) pvt ltd ,IT,,,
seaton india it pvt ltd ,IT,,,
sequoia capital india advisors pvt ltd ,IT,,,
silver software pvt ltd ,IT,,,
simplex solutions ,IT,,,
siri technologies pvt ltd ,IT,,,
skelta software pvt ltd ,IT,,,
slk software services pvt ltd ,IT,,,
sobha renaissance information technology pvt ltd ,IT,,,
societe generale global solution centre pvt ltd ,IT,,,
softpro systems ltd ,IT,,,
software data (india) ltd ,IT,,,
software quality center pvt ltd ,IT,,,
solutionnet india pvt ltd ,IT,,,
sonata software limited ,IT,,,
sonata software ltd. ,IT,,,
speck systems limited ,IT,,,
spike technologies india pvt. ltd ,IT,,,
srishti software private limited ,IT,,,
stag software pvt ltd ,IT,,,
subex systems ltd ,IT,,,
subex systems ltd ,IT,,,
sun microsystems india pvt. ltd. ,IT,,,
supportsoft india pvt ltd ,IT,,,
svb india advisors pvt ltd ,IT,,,
swiss re shared services (india) pvt ltd ,IT,,,
sybase software (india) pvt ltd ,IT,,,
sykes enterprises (india) private limited ,IT,,,
symbol technologies india pvt ltd ,IT,,,
symphony services corp. (i) pvt ltd ,IT,,,
synergia consultants pvt ltd ,IT,,,
synopsys (india) private limited ,IT,,,
syntax soft-tech india pvt ltd ,IT,,,
syntel india ltd ,IT,,,
syntel ltd ,IT,,,
systime computer systems (i) pvt. ltd. ,IT,,,
techeves it solutions pvt ltd,IT,,,
techgate technol,ogies,IT,,
technoinfoware india pvt. ltd.,IT,,,
technovision,IT,,,
tecknodreams software consulting pvt ltd,IT,,,
teclever solutions,IT,,,
tellus solutions,IT,,,
thinkways software technologies pvt ltd,IT,,,
thought frameworks,IT,,,
tidda games,IT,,,
toppatch security solutions,IT,,,
touchpoint,IT,,,
touchpoint datasciences private limited,IT,,,
touchweb (india) pvt ltd,IT,,,
transitus professional services,IT,,,
tricon infotech,IT,,,
true vision info systems pvt ltd,IT,,,
unisoft infotech,IT,,,
universal system technologies inc,IT,,,
uvaca technologies pvt ltd,IT,,,
v i engineering solutions pvt ltd,IT,,,
value add software solutions,IT,,,
valuesoft solutions p(ltd),IT,,,
varista software pvt ltd,IT,,,
vernasoft consultancy india pvt ltd,IT,,,
vikasglobal solutions ltd,IT,,,
virgosys software pvt ltd,IT,,,
virtual logic systems private limited,IT,,,
vision catalyst software services (i) pvt ltd,IT,,,
volen software services pvt ltd,IT,,,
vtech informatic pvt ltd,IT,,,
vtsk solutions,IT,,,
weberon solutions,IT,,,
webgyor global,IT,,,
webnish software pvt ltd,IT,,,
webrich softwares,IT,,,
wisdomleaf technologies pvt ltd,IT,,,
wolken software,IT,,,
xiphias software technologies pvt ltd,IT,,,
xithi technologies pvt ltd,IT,,,
xyka software pvt ltd,IT,,,
yarago software pvt ltd,IT,,,
ypsilon consulting,IT,,,
zevenseas,IT,,,
zomisys technologies pvt ltd,IT,,,
zues software technologies pvt ltd,IT,,,
talisma corporation pvt ltd ,IT,,,
tally solutions pvt ltd ,IT,,,
tandon information solutions pvt. ltd. ,IT,,,
tarang software technologies pvt ltd ,IT,,,
tata consultancy services ltd ,IT,,,
tata elxsi limited ,IT,,,
tata elxsi ltd. ,IT,,,
tata technologies limited ,IT,,,
tavant technologies india pvt ltd ,IT,,,
tcgivega information technologies pvt ltd ,IT,,,
tcs business transformation solutions ltd (tcs-bts) ,IT,,,
teamlease services pvt ltd ,IT,,,
tech mahindra ltd ,IT,,,
techspan ,IT,,,
techspan india ltd. ,IT,,,
"tekedge 809, ",IT,,
teledna communications pvt ltd ,IT,,,
telelogic india pvt ltd ,IT,,,
texas instruments india ltd. ,IT,,,
texas instruments india pvt. ltd. ,IT,,,
think ahead advisory services pvt ltd ,IT,,,
thinksoft global services (p) ltd ,IT,,,
thirdware solution ltd. ,IT,,,
tholons knowledge management pvt ltd ,IT,,,
thomson corporation (international) pvt ltd ,IT,,,
thoughtworks technologies india pvt ltd ,IT,,,
tibco software india pvt ltd ,IT,,,
timken engineering and research india pvt ltd ,IT,,,
tpi advisory services india pvt ltd ,IT,,,
tqm international pvt ltd ,IT,,,
transfleet global services pvt ltd (tesco india) ,IT,,,
trianz consulting pvt ltd ,IT,,,
tricon infotech pvt. ltd ,IT,,,
trigent software ltd. ,IT,,,
trilogy e-business software india ltd ,IT,,,
trimentus technologies pvt ltd ,IT,,,
trivium icope technologies pvt ltd ,IT,,,
trrs imaging ltd ,IT,,,
trrs imaging ltd ,IT,,,
ttk healthcare services pvt ltd ,IT,,,
u&i scotty computers ltd ,IT,,,
ubics technologies pvt ltd ,IT,,,
ul india pvt ltd ,IT,,,
unisys global services - india (stp division of unisys india pvt ltd) ,IT,,,
universal legal ,IT,,,
usi internetworking services pvt ltd ,IT,,,
utl technologies ltd. ,IT,,,
utopia india pvt ltd ,IT,,,
valtech india technology solutions pvt ltd ,IT,,,
vee technologies pvt ltd ,IT,,,
vinciti networks pvt ltd ,IT,,,
vinpack india pvt. ltd ,IT,,,
viteos capital market services ltd ,IT,,,
vmoksha technologies pvt ltd ,IT,,,
vxl etech ltd ,IT,,,
"wind river systems, Inc ",IT,,
winfoware technologies pvt ltd ,IT,,,
wipro global r&d solutions ,IT,,,
wipro group of companies ,IT,,,
wipro infotech ,IT,,,
wipro technologies (wipro ltd) ,IT,,,
wisdomleaf it technologies pvt ltd ,IT,,,
wyse technology sales & marketing india pvt ltd ,IT,,,
xsysys technologies pvt ltd ,IT,,,
xyka software pvt ltd ,IT,,,
zenith software limited ,IT,,,
"aagna corporate services(p) ltd.,",BPO/KPO,,
abacus techno solutions pvt ltd,BPO/KPO,,,
accelerate infotech,BPO/KPO,,,
adapsys technologies pvt. ltd.,BPO/KPO,,,
adept consulting,BPO/KPO,,,
aenon consultants,BPO/KPO,,,
agilent bpo,BPO/KPO,,,
aldiablos pvt ltd,BPO/KPO,,,
aldos associates,BPO/KPO,,,
alpha global connect pvt ltd,BPO/KPO,,,
altius customer services pvt ltd,BPO/KPO,,,
amab india,BPO/KPO,,,
amaran & company,BPO/KPO,,,
amvin systems(p) ltd,BPO/KPO,,,
anthem consulting pvt ltd,BPO/KPO,,,
anther,BPO/KPO,,,
apex management consultants,BPO/KPO,,,
arjun infoserv & e-services,BPO/KPO,,,
ascent training & consultancy,BPO/KPO,,,
atcis technology pvt ltd,BPO/KPO,,,
athena hr services,BPO/KPO,,,
aum sai bpo & business solutions,BPO/KPO,,,
auroshri hr services private limited,BPO/KPO,,,
avazon bpo,BPO/KPO,,,
avidus smpl,BPO/KPO,,,
axe bpo services,BPO/KPO,,,
axiom bpm services pvt ltd,BPO/KPO,,,
azimut design,BPO/KPO,,,
basil communications (p) limited,BPO/KPO,,,
bezalel infotech pvt ltd,BPO/KPO,,,
bpojobs online,BPO/KPO,,,
brainsource management consultants,BPO/KPO,,,
bridge placement,BPO/KPO,,,
bungay international,BPO/KPO,,,
c-dreamz consultancy services (p) ltd,BPO/KPO,,,
calendula technosoft pvt ltd,BPO/KPO,,,
caliberpoint,BPO/KPO,,,
calscal systems pvt ltd,BPO/KPO,,,
capricorn hr consultancy,BPO/KPO,,,
career marshal,BPO/KPO,,,
career tangent,BPO/KPO,,,
chitransh technologies,BPO/KPO,,,
cira services,BPO/KPO,,,
cityland technologies pvt ltd,BPO/KPO,,,
clan consulting pvt ltd,BPO/KPO,,,
cmc manpower consultants,BPO/KPO,,,
computer links,BPO/KPO,,,
concierge software solutions pvt ltd,BPO/KPO,,,
conduite endeavor infosoft pvt ltd.,BPO/KPO,,,
conexus netcom solutions pvt ltd,BPO/KPO,,,
contact 360,BPO/KPO,,,
contact bridge ites pvt ltd,BPO/KPO,,,
corpone,BPO/KPO,,,
cosmic global limited,BPO/KPO,,,
cr consultancy,BPO/KPO,,,
craaze bpo services international,BPO/KPO,,,
crosslinkz informatics pvt ltd,BPO/KPO,,,
cybertrendz it services,BPO/KPO,,,
daemon technologies,BPO/KPO,,,
darts it networks pvt ltd,BPO/KPO,,,
data infovision,BPO/KPO,,,
data management systems pvt ltd,BPO/KPO,,,
data max,BPO/KPO,,,
delsat technologies,BPO/KPO,,,
desicrew solutions pvt ltd,BPO/KPO,,,
development logics solutions pvt. ltd.,BPO/KPO,,,
dextsys communications,BPO/KPO,,,
diginet info systems,BPO/KPO,,,
ditech process solutions,BPO/KPO,,,
dss technologies,BPO/KPO,,,
effort bpo ltd,BPO/KPO,,,
eivor technologies,BPO/KPO,,,
el camino micro electronics pvt ltd,BPO/KPO,,,
emacct consulting pvt ltd,BPO/KPO,,,
enskay it & telecom services,BPO/KPO,,,
ensomerge,BPO/KPO,,,
etech,BPO/KPO,,,
evolution corporate solutions,BPO/KPO,,,
excel callnet pvt ltd,BPO/KPO,,,
flexus soft services,BPO/KPO,,,
flyingeyes,BPO/KPO,,,
fortune knowledge solutionz (i) pvt ltd,BPO/KPO,,,
fostra technologies,BPO/KPO,,,
fusion consultants,BPO/KPO,,,
galactica,BPO/KPO,,,
galaxy bpm,BPO/KPO,,,
gandhi infotech pvt ltd,BPO/KPO,,,
gcmspl,BPO/KPO,,,
genesis,BPO/KPO,,,
green channel logistics centre,BPO/KPO,,,
greptech solutions pvt ltd,BPO/KPO,,,
hartron communications limited,BPO/KPO,,,
helios outsourcing pvt ltd,BPO/KPO,,,
hi-calibre it,BPO/KPO,,,
highbro interactive,BPO/KPO,,,
horizongrp,BPO/KPO,,,
hr specialist india,BPO/KPO,,,
hrschesi,BPO/KPO,,,
hrskill,BPO/KPO,,,
icon infosystems,BPO/KPO,,,
iglobal impact ites pvt. ltd,BPO/KPO,,,
ikya global,BPO/KPO,,,
imanol infotech,BPO/KPO,,,
infinite bpo private limited,BPO/KPO,,,
infognana (ig) solutions,BPO/KPO,,,
infovisiongroup,BPO/KPO,,,
innovations infocom pvt ltd,BPO/KPO,,,
inox global services ltd,BPO/KPO,,,
integra global solutions,BPO/KPO,,,
inzpire consultancy services,BPO/KPO,,,
iping tech pvt ltd,BPO/KPO,,,
ipuffins pvt.ltd.,BPO/KPO,,,
irec soluions,BPO/KPO,,,
itcons e-solutions pvt ltd,BPO/KPO,,,
ites labs,BPO/KPO,,,
iugo training & hr solutions,BPO/KPO,,,
iwise solutions,BPO/KPO,,,
jaguar consultancy services,BPO/KPO,,,
jeevan yapan,BPO/KPO,,,
jobs 4 nation,BPO/KPO,,,
jts institute pvt ltd,BPO/KPO,,,
jump project management consultants,BPO/KPO,,,
kankei relationship marketing services pvt ltd,BPO/KPO,,,
kensium solutions pvt ltd,BPO/KPO,,,
kent technology pvt ltd,BPO/KPO,,,
kris-na bpo,BPO/KPO,,,
krishna bpo services pvt ltd,BPO/KPO,,,
kserve bpo pvt. ltd.,BPO/KPO,,,
latitude infotech,BPO/KPO,,,
mac management consultants,BPO/KPO,,,
macvin consultancy private limited,BPO/KPO,,,
manipal education,BPO/KPO,,,
mantec consultants pvt ltd,BPO/KPO,,,
marvel bpo,BPO/KPO,,,
massif futuristic,BPO/KPO,,,
matrix solutions,BPO/KPO,,,
mevadhashma enterprises [india],BPO/KPO,,,
migration gurus,BPO/KPO,,,
mindeye inc,BPO/KPO,,,
mission naukri consultancy,BPO/KPO,,,
modern ballistic solutions pvt ltd,BPO/KPO,,,
nandamuri web & it services pvt ltd,BPO/KPO,,,
navigant technologies,BPO/KPO,,,
nebula consultancy,BPO/KPO,,,
nemesis,BPO/KPO,,,
nestem technologies,BPO/KPO,,,
new s s consultants,BPO/KPO,,,
nextical,BPO/KPO,,,
niitsmart serve ltd,BPO/KPO,,,
north india business solutions (p) ltd,BPO/KPO,,,
novosas it solutions,BPO/KPO,,,
nu aze consulting (p) ltd,BPO/KPO,,,
ocean human resource services,BPO/KPO,,,
one vish solutions pvt ltd,BPO/KPO,,,
orbit tec.,BPO/KPO,,,
orgware technologies,BPO/KPO,,,
oristech global,BPO/KPO,,,
pacific consultancy services,BPO/KPO,,,
people network conultancy,BPO/KPO,,,
percipient services and infotech pvt ltd,BPO/KPO,,,
permed pvt ltd,BPO/KPO,,,
phenomenal global solution,BPO/KPO,,,
phistream consulting limited,BPO/KPO,,,
pinnacle apertures,BPO/KPO,,,
pixel soft solutions,BPO/KPO,,,
pravritti placement,BPO/KPO,,,
purpleno inc,BPO/KPO,,,
qts,BPO/KPO,,,
quadraple technologies,BPO/KPO,,,
quantum business maangement pvt ltd,BPO/KPO,,,
rayars management services,BPO/KPO,,,
reach technologies,BPO/KPO,,,
real outsourcing group,BPO/KPO,,,
recruitment solutions india,BPO/KPO,,,
recruitwell consultants,BPO/KPO,,,
renz business solutions,BPO/KPO,,,
rhombus technologies,BPO/KPO,,,
richmond technologies,BPO/KPO,,,
ricom technologies pvt ltd,BPO/KPO,,,
right destination portfolio management,BPO/KPO,,,
rik careers,BPO/KPO,,,
rnd softech,BPO/KPO,,,
rr infosolutions ltd,BPO/KPO,,,
sacred infocom private limited,BPO/KPO,,,
sai outsourcing company pvt ltd,BPO/KPO,,,
samyak online,BPO/KPO,,,
sapience exults,BPO/KPO,,,
scriptacom bpo systems (p) ltd,BPO/KPO,,,
sft solution pvt ltd,BPO/KPO,,,
sgnature staff,BPO/KPO,,,
sisgreen technologies,BPO/KPO,,,
sivisis,BPO/KPO,,,
skillsearch consultants,BPO/KPO,,,
skillsoft,BPO/KPO,,,
smart connections,BPO/KPO,,,
sms consultancy,BPO/KPO,,,
sms recruitments,BPO/KPO,,,
soft kept e solution,BPO/KPO,,,
softlogic systems,BPO/KPO,,,
solutions abridged,BPO/KPO,,,
sona yukti pvt ltd,BPO/KPO,,,
source for change,BPO/KPO,,,
spectrum bpo pvt ltd,BPO/KPO,,,
spectrum softtech solutions pvt ltd,BPO/KPO,,,
spes management services,BPO/KPO,,,
spg infotech,BPO/KPO,,,
square one infosolutions pvt ltd.,BPO/KPO,,,
srivari tech,BPO/KPO,,,
ssd corporate services india pvt. ltd.,BPO/KPO,,,
star touch india private limited,BPO/KPO,,,
stream growth organization,BPO/KPO,,,
suave telecommunication (p) ltd,BPO/KPO,,,
suth placements,BPO/KPO,,,
sutherland global services,BPO/KPO,,,
swasthik sahits solutions private limited,BPO/KPO,,,
swastik solutions - hr & recruitment consultancy,BPO/KPO,,,
swathi financial services,BPO/KPO,,,
synbiz solutions pvt ltd,BPO/KPO,,,
syrex infoservices i pvt ltd,BPO/KPO,,,
talent pro,BPO/KPO,,,
tarang infotech pvt ltd,BPO/KPO,,,
team corporate solutons,BPO/KPO,,,
teamhunt hr solutions,BPO/KPO,,,
teckinfo solutions pvt ltd,BPO/KPO,,,
thaya consultancy,BPO/KPO,,,
the placement enterprise -delhi ncr,BPO/KPO,,,
the professional recruiters,BPO/KPO,,,
the recruitment specialists,BPO/KPO,,,
tocsys technosolution pvt ltd,BPO/KPO,,,
tqa business solutions,BPO/KPO,,,
transact bpo services inida pvt ltd,BPO/KPO,,,
triune solutions india pvt ltd,BPO/KPO,,,
ubics technologies pvt ltd,BPO/KPO,,,
uniqualin management system services,BPO/KPO,,,
v-bond telesoft pvt ltd,BPO/KPO,,,
vap technology (p) ltd.,BPO/KPO,,,
vcanjobs,BPO/KPO,,,
vee technologies pvt ltd,BPO/KPO,,,
venus,BPO/KPO,,,
vigna technologies,BPO/KPO,,,
vignesh it solutions,BPO/KPO,,,
vishakaas solution,BPO/KPO,,,
vishwas infosoft solutions pvt ltd,BPO/KPO,,,
visionhr,BPO/KPO,,,
visvam technologies,BPO/KPO,,,
vitalpro technology solutions pvt ltd,BPO/KPO,,,
vn solutions pvt ltd,BPO/KPO,,,
voicepack infotech pvt ltd,BPO/KPO,,,
volen software services pvt ltd,BPO/KPO,,,
vsk technologies (p) ltd,BPO/KPO,,,
vulcan business solutions pvt ltd,BPO/KPO,,,
web tech connect,BPO/KPO,,,
welco infotech private limited,BPO/KPO,,,
world tele net,BPO/KPO,,,
xenon info solutions,BPO/KPO,,,
xplonect,BPO/KPO,,,
yakkay technologies,BPO/KPO,,,
yayin business services pvt ltd,BPO/KPO,,,
zac technologies,BPO/KPO,,,
ze2i,BPO/KPO,,,
aarti medicals pvt ltd,Pharma,,,
alta publishing company,Pharma,,,
anash clinical research solutions,Pharma,,,
angelone placement,Pharma,,,
anmol technical training centre,Pharma,,,
anush infobase,Pharma,,,
athena hr services,Pharma,,,
ayurwin pharma,Pharma,,,
bhatia consultancy services,Pharma,,,
bioclinitech technologies pvt ltd,Pharma,,,
bioorganics,Pharma,,,
birlamedisoft pvt ltd,Pharma,,,
brabender technologie kg,Pharma,,,
brawn laboratories ltd,Pharma,,,
bridge placement,Pharma,,,
cad pharma inc,Pharma,,,
calyx info private limited,Pharma,,,
cebon india limited,Pharma,,,
chempro inspections pvt ltd,Pharma,,,
cmc manpower consultants,Pharma,,,
concord hr solutions,Pharma,,,
cravaka info systems,Pharma,,,
creative sense,Pharma,,,
crown hr services,Pharma,,,
cute solutions,Pharma,,,
delvin formulations pvt ltd,Pharma,,,
empire consultancy,Pharma,,,
eos medical research ltd,Pharma,,,
equichem,Pharma,,,
falcona india hr services,Pharma,,,
fio technologies,Pharma,,,
future makers management consultant,Pharma,,,
future word,Pharma,,,
global health line,Pharma,,,
global softech solutions,Pharma,,,
glosel india impex pvt ltd,Pharma,,,
glow pharma pvt ltd,Pharma,,,
gvk biosciences pvt ltd,Pharma,,,
gvt engineering (i) pvt ltd,Pharma,,,
havoc consultants private ltd,Pharma,,,
healthcare recruit,Pharma,,,
hellopharma job consultancy services,Pharma,,,
hr solutions,Pharma,,,
india document solutions private limited,Pharma,,,
indo phyto chemicals (p) ltd,Pharma,,,
insignia communications pvt ltd,Pharma,,,
irec soluions,Pharma,,,
jag kamal placements,Pharma,,,
jaguar consultancy services,Pharma,,,
jeevan yapan,Pharma,,,
jobs fountain,Pharma,,,
kawarlal & co,Pharma,,,
kee pharma ltd,Pharma,,,
kevin process technologies pvt ltd,Pharma,,,
lark laboratories (india) ltd,Pharma,,,
lasons india pvt ltd,Pharma,,,
lease hr,Pharma,,,
life science recruitment,Pharma,,,
linux laboratories pvt ltd,Pharma,,,
mahisa electronics,Pharma,,,
mccoy expertise,Pharma,,,
mclinica health solutions pvt ltd,Pharma,,,
meritus life care,Pharma,,,
micro therapeutic research labs private limited,Pharma,,,
mmsh clinical research pvt ltd,Pharma,,,
multiorganics pvt ltd,Pharma,,,
naman placements,Pharma,,,
nemesis,Pharma,,,
nemesis,Pharma,,,
neo solutions,Pharma,,,
nirmal ayur life pvt ltd,Pharma,,,
oak india multistate credit co-operative society,Pharma,,,
ordain healthcare pvt ltd,Pharma,,,
org ims research pvt ltd,Pharma,,,
pamten inc,Pharma,,,
peoplesearch consultants,Pharma,,,
pfizer,Pharma,,,
pharma hr (a division of pharma resource),Pharma,,,
pharma jobs home,Pharma,,,
pharmaedge educations and placement consultants,Pharma,,,
prathima consultancy,Pharma,,,
qualtra pharmaceuticals p ltd,Pharma,,,
r square placement consultants,Pharma,,,
raviraj foils limited,Pharma,,,
reannon pharmaceuticals inc,Pharma,,,
recruitwell consultants,Pharma,,,
ria international llc,Pharma,,,
rik careers,Pharma,,,
rnr staffing solutions,Pharma,,,
rozgar network com,Pharma,,,
saarathi healthcare pvt ltd,Pharma,,,
scantech laser pvt ltd,Pharma,,,
sciformix technologies pvt ltd,Pharma,,,
seventh sigma,Pharma,,,
spa enertec india,Pharma,,,
stansource,Pharma,,,
steadfast medishield pvt ltd,Pharma,,,
sun placements pvt. ltd. placement,Pharma,,,
svizera healthcare,Pharma,,,
swaas systems,Pharma,,,
symbiosis management consultants,Pharma,,,
systopic labs pvt ltd,Pharma,,,
talentsource,Pharma,,,
tensil glass works,Pharma,,,
ultratech india ltd,Pharma,,,
unimex pvt ltd,Pharma,,,
unmatched solutions pvt ltd,Pharma,,,
valiant,Pharma,,,
vamser group,Pharma,,,
veserv,Pharma,,,
virtue insight,Pharma,,,
voice hr solutions,Pharma,,,
wellforte retail services llp,Pharma,,,
western commercial corporation,Pharma,,,
wexford laboratories pvt ltd,Pharma,,,
whitelake technology solutions pvt ltd,Pharma,,,
xertz solutions,Pharma,,,
zhikode technologies pvt ltd,Pharma,,,
aarex homoeopathy,Healthcare,,,
aarti medicals pvt ltd,Healthcare,,,
aclientz business solutions,Healthcare,,,
advance medicure systems,Healthcare,,,
"aizant drug research solutions pvt, Ltd",Healthcare,,
allizhealth,Healthcare,,,
allzone management solutions pvt ltd,Healthcare,,,
aosta software technologies india ltd,Healthcare,,,
apollo hospitals,Healthcare,,,
appasamy associates,Healthcare,,,
arihant diagnostics,Healthcare,,,
asconis,Healthcare,,,
astron hospital and health care consultants p ltd,Healthcare,,,
aurocare private limited,Healthcare,,,
automed systems pvt ltd,Healthcare,,,
avana medical devices pvt ltd,Healthcare,,,
ayuh-meditech solutions pvt ltd,Healthcare,,,
ayurvaid hospitals,Healthcare,,,
ayurwin pharma,Healthcare,,,
ayushakti health care private limited,Healthcare,,,
b l lifesciences pvt ltd,Healthcare,,,
bagmane pharmaceuticals pvt. ltd,Healthcare,,,
belk healthcare,Healthcare,,,
belltrox infotech services,Healthcare,,,
bharat biotech international ltd,Healthcare,,,
bharat health organization,Healthcare,,,
bharath engineering industries,Healthcare,,,
bio line laboratory,Healthcare,,,
biobase databases india pvt ltd,Healthcare,,,
bioclinitech technologies pvt ltd,Healthcare,,,
biokart india,Healthcare,,,
bionic p&o india pvt ltd,Healthcare,,,
biotech vision care pvt ltd,Healthcare,,,
bm hospital,Healthcare,,,
brawn laboratories ltd,Healthcare,,,
broadview health private limited,Healthcare,,,
cad pharma inc,Healthcare,,,
care worldwide - smo,Healthcare,,,
cebon india limited,Healthcare,,,
chc group of companies,Healthcare,,,
chess healthcare solution,Healthcare,,,
clarity speech & hearing centre,Healthcare,,,
clinbiotic solutions,Healthcare,,,
columbia asia hospitals pvt ltd,Healthcare,,,
covalent technologies,Healthcare,,,
defi healthcare pvt ltd,Healthcare,,,
delvin formulations pvt ltd,Healthcare,,,
densol technologies pvt ltd,Healthcare,,,
dentasia dental clinic,Healthcare,,,
dionex india pvt ltd,Healthcare,,,
dominions healthcare pvt ltd,Healthcare,,,
dr agarwal,Healthcare,,,
dr lal pathlabs pvt ltd,Healthcare,,,
dr pbs health and glow clinic pvt ltd,Healthcare,,,
dyansys india pvt ltd,Healthcare,,,
e-merge tech global services pvt ltd,Healthcare,,,
easylife enyerprise pvt ltd,Healthcare,,,
ellen hospital,Healthcare,,,
emergent medi-tech (india) pvt ltd,Healthcare,,,
emprocell clinical research pvt. ltd,Healthcare,,,
eos medical research ltd,Healthcare,,,
ericson tpa healthcare pvt ltd,Healthcare,,,
fernandez hospital,Healthcare,,,
fine care biosystem,Healthcare,,,
fitho wellness services pvt ltd,Healthcare,,,
fitnesolution,Healthcare,,,
fluidda,Healthcare,,,
focus clinic care (p) ltd,Healthcare,,,
gandhidham jain seva samiti,Healthcare,,,
geneombio technologies private limited,Healthcare,,,
genomix biotech,Healthcare,,,
global health line,Healthcare,,,
global medical records,Healthcare,,,
glosel india impex pvt ltd,Healthcare,,,
glow pharma pvt ltd,Healthcare,,,
goldstarhealthcare private limited,Healthcare,,,
gorgo: women and kids fitness,Healthcare,,,
greenview medical center,Healthcare,,,
growdiesel,Healthcare,,,
gunasheela surgical & maternity hospital,Healthcare,,,
gvk biosciences pvt ltd,Healthcare,,,
habib medical center,Healthcare,,,
hadi clinic,Healthcare,,,
hcg ( health care global enterprises ltd),Healthcare,,,
hcg anderson diagnostics,Healthcare,,,
health is wealth asia,Healthcare,,,
health-shoppe,Healthcare,,,
helpingdoc,Healthcare,,,
heritage hospital ltd,Healthcare,,,
holy biomedicals pvt ltd,Healthcare,,,
hospaccx india systems,Healthcare,,,
imtec implants pvt ltd,Healthcare,,,
indo phyto chemicals (p) ltd,Healthcare,,,
inmed equipments pvt ltd,Healthcare,,,
iskills solutions,Healthcare,,,
jainam wellness ltd,Healthcare,,,
jeevaa skin care,Healthcare,,,
jj international instruments,Healthcare,,,
jq american corporation,Healthcare,,,
kee pharma ltd,Healthcare,,,
kilpest india ltd,Healthcare,,,
kims health care mangement ltd,Healthcare,,,
klinik esthetika skin hair and laser center,Healthcare,,,
klintelligen health care,Healthcare,,,
kothari phytochemicals intl,Healthcare,,,
krishnamacharya yoga mandiram,Healthcare,,,
lark laboratories (india) ltd,Healthcare,,,
lasons india pvt ltd,Healthcare,,,
laxai avanti life sciences,Healthcare,,,
leadinng medical transcription company,Healthcare,,,
lifeforce homeopathy,Healthcare,,,
linux laboratories pvt ltd,Healthcare,,,
ln lifecare,Healthcare,,,
adroit advisory venture india pvt. ltd.,BFS,,,
ak capital services ltd,BFS,,,
al barakah financial services ltd,BFS,,,
amarnath kamath & associates,BFS,,,
andromeda marketing,BFS,,,
angel broking limited,BFS,,,
apnaalife,BFS,,,
arihant capital markets limited,BFS,,,
aryan share and stock brokers ltd,BFS,,,
ascent group,BFS,,,
axs online pvt ltd,BFS,,,
bajaj allianz life insurance co ltd,BFS,,,
balaji equities limited,BFS,,,
bharath & co,BFS,,,
bhojan capital advisors private limited,BFS,,,
blue ocean online tax consultants pvt ltd,BFS,,,
bma wealth creators ltd,BFS,,,
bss microfinance pvt ltd,BFS,,,
bulls n bears and iif,BFS,,,
cadel weaving mills co pvt ltd,BFS,,,
capital paramount,BFS,,,
chakra wealth management advisory ltd,BFS,,,
clean finance & investment ltd,BFS,,,
commodity brokers india,BFS,,,
compsoft,BFS,,,
concrete profit,BFS,,,
converging miinds management pvt ltd,BFS,,,
credila financial services,BFS,,,
credit options & marketing,BFS,,,
crystaline securities (india) pvt ltd,BFS,,,
daygains,BFS,,,
decimal point analytics pvt ltd,BFS,,,
deloitte,BFS,,,
densons finance ltd,BFS,,,
dialabank,BFS,,,
dsa icici,BFS,,,
edelweiss capital ltd,BFS,,,
essvee investment advisora pvt ltd,BFS,,,
ethos wealth management (p) ltd,BFS,,,
excelan consultancy private limited,BFS,,,
fairwealth securities private limited,BFS,,,
fast track financial services,BFS,,,
finvest financial services,BFS,,,
flatworld mortgage processing private limited,BFS,,,
fpo solutions,BFS,,,
fund grow,BFS,,,
g k sureka & co,BFS,,,
geosansar advisors pvt ltd,BFS,,,
global value add business solutions pvt ltd,BFS,,,
globalr2r - member,BFS,,,
globex advisory ltd,BFS,,,
gr kumar & co,BFS,,,
guitcom group,BFS,,,
haribhakti & co,BFS,,,
harvest futures consultants india pvt ltd,BFS,,,
hdfc bank ltd,BFS,,,
hexaurum,BFS,,,
hindusthan microfinance pvt.ltd,BFS,,,
ibsn inc,BFS,,,
icici bank,BFS,,,
idf financial services private limited,BFS,,,
idol multi commodity private limited,BFS,,,
indenture investments,BFS,,,
india capital market,BFS,,,
indian school finance company,BFS,,,
international money matters,BFS,,,
intraday ideas,BFS,,,
ipossibilities consulting services,BFS,,,
itrust financial advisors pvt ltd,BFS,,,
j c khokhani & co,BFS,,,
jhaveri securities ltd,BFS,,,
jm financial assest management pvt,BFS,,,
jrg securities ltd,BFS,,,
kamaoindia,BFS,,,
kamlesh panjwani & co,BFS,,,
kgr securities private limited,BFS,,,
khimji kunverji & co,BFS,,,
khushi knowledge services pvt ltd,BFS,,,
kifs securities pvt ltd,BFS,,,
kranthi freelance accounting services,BFS,,,
kunvarji finstock,BFS,,,
lakhi investment management services ltd,BFS,,,
lakshmishree investment & securities p ltd,BFS,,,
lic hfl financial services ltd,BFS,,,
livetips market research pvt ltd,BFS,,,
m-tej consultancy services,BFS,,,
macvin consultancy private limited,BFS,,,
master trust group,BFS,,,
mehta & tadimalla chartered accountants,BFS,,,
mennen financial services ltd,BFS,,,
merits capital market services,BFS,,,
money capitalheight research pvt. ltd,BFS,,,
money classic research,BFS,,,
money maker research pvt. ltd.,BFS,,,
moneyhoney financial services,BFS,,,
moneyoptions,BFS,,,
motilal oswal,BFS,,,
motilal oswal securites limited,BFS,,,
mpf advisory india pvt ltd,BFS,,,
mplms group of companies,BFS,,,
msquare wealth management services pvt ltd,BFS,,,
neelakanta prasad & co,BFS,,,
nimbus wealth management private ltd,BFS,,,
niveshindia,BFS,,,
o3 securities private limited,BFS,,,
oak india multistate credit co-operative society,BFS,,,
open futures,BFS,,,
orix auto and infrastructure services limited,BFS,,,
paras investments,BFS,,,
pe insights,BFS,,,
pilot commerial services,BFS,,,
plash investment services,BFS,,,
precision technical analysis pvt ltd,BFS,,,
premier consultancy,BFS,,,
prime capital services private limited,BFS,,,
prosharpe wealth management pvt ltd,BFS,,,
proventure private limited,BFS,,,
prudent cas ltd,BFS,,,
r b g commodities private limited,BFS,,,
r wealth,BFS,,,
rj capital overseas pvt ltd,BFS,,,
rr financial consultants,BFS,,,
rrca & associates,BFS,,,
rukshi career academy (p) limited,BFS,,,
s ganguli & associates chartered accountants,BFS,,,
s m i l e microfinance limited,BFS,,,
s ravi & associates,BFS,,,
sa marketing,BFS,,,
samriddhi group of companies,BFS,,,
satin creditcare,BFS,,,
sequoia capital,BFS,,,
shareking,BFS,,,
shriram city union finance,BFS,,,
shriram fortune solutions ltd,BFS,,,
smc global securities ltd,BFS,,,
softech india,BFS,,,
spa capital services limited,BFS,,,
sree marketing pvt ltd,BFS,,,
stci,BFS,,,
strategic system solutions,BFS,,,
sumedha fiscal services ltd (sfsl),BFS,,,
sunflower broking pvt ltd,BFS,,,
sunidhi securities and finance ltd,BFS,,,
sunkersett financial advisory,BFS,,,
sureshot calls,BFS,,,
suryoday micro finance private limited,BFS,,,
tacorals,BFS,,,
the bombay commodity exchange ltd,BFS,,,
the equicom financial research pvt ltd,BFS,,,
touch stone stock management p ltd,BFS,,,
tridhara advisors,BFS,,,
trifid research,BFS,,,
ujala credit co-operative society,BFS,,,
ultraprecise advisors,BFS,,,
unicon real estate pvt ltd,BFS,,,
universal associates,BFS,,,
v financial niche,BFS,,,
vaibhav laxmi equity broking private ltd,BFS,,,
vbg & co,BFS,,,
veezcapital,BFS,,,
venice bank consulting,BFS,,,
vikson securities pvt ltd,BFS,,,
visista insurance broking services pvt ltd,BFS,,,
vkc financial services p ltd mumbai,BFS,,,
wealthzone financial services (india) pvt ltd,BFS,,,
wellinida,BFS,,,
xapcorp services,BFS,,,
zafin labs,BFS,,,
zuari investments ltd,BFS,,,
makewell meditour ltd,healthcare,,,
manipal hospitals,healthcare,,,
mashcom technologies pvt ltd,healthcare,,,
maven healthcare pvt ltd,healthcare,,,
mdindia health care tpa pvt ltd,healthcare,,,
medaccess,healthcare,,,
medi assist india tpa pvt ltd,healthcare,,,
medical unit,healthcare,,,
medicare agencies,healthcare,,,
medigain health pvt ltd,healthcare,,,
medimart pharmacy,healthcare,,,
medink solutions,healthcare,,,
mediscape health solutions,healthcare,,,
medplus pathlabs private limited,healthcare,,,
medskills learning,healthcare,,,
mehta international eye institute,healthcare,,,
meritus life care,healthcare,,,
metaome science informatics (p) ltd,healthcare,,,
micro therapeutic research labs private limited,healthcare,,,
microwin labs pvt ltd,healthcare,,,
mmsh clinical research pvt ltd,healthcare,,,
neon laboratories limited,healthcare,,,
nesa radiations solutions pvt ltd,healthcare,,,
nestem technologies,healthcare,,,
nestor pharmaceuticals ltd,healthcare,,,
new dimensions international,healthcare,,,
new life hospital,healthcare,,,
niranthara herbals,healthcare,,,
nirmal ayur life pvt ltd,healthcare,,,
novoaymes aouth asia private limited,healthcare,,,
nu hospitals,healthcare,,,
o2healthstudio,healthcare,,,
omya medical solutions limited,healthcare,,,
ordain healthcare pvt ltd,healthcare,,,
paarth multi speciality hospital and trauma centre,healthcare,,,
pfizer,healthcare,,,
pharmaceiutical,healthcare,,,
pharmasecure,healthcare,,,
physicians angels,healthcare,,,
pika medical private limited,healthcare,,,
pioneer futuretech healthcare it pvt ltd,healthcare,,,
positive life science pvt ltd,healthcare,,,
pragati biocare pvt ltd,healthcare,,,
primex scans and labs pvt ltd,healthcare,,,
prognosys medical systems pvt ltd,healthcare,,,
qualiti life,healthcare,,,
qualtra pharmaceuticals p ltd,healthcare,,,
r k devi memorial hospital,healthcare,,,
radiance cosmeceuticals,healthcare,,,
rahi care pvt ltd,healthcare,,,
rama medicares ltd,healthcare,,,
rapidcare,healthcare,,,
reannon pharmaceuticals inc,healthcare,,,
roland & associates,healthcare,,,
romsons,healthcare,,,
saarathi healthcare pvt ltd,healthcare,,,
sagar hospitals-dsi,healthcare,,,
saitronic biomed,healthcare,,,
sanjeevani lifesciences,healthcare,,,
sanskruti holistic center,healthcare,,,
sante mernaud pharmaceuticals pvt ltd,healthcare,,,
saudi german hospitals group,healthcare,,,
say healthcare pvt ltd,healthcare,,,
sbinfomedical,healthcare,,,
schneider orthopaedic,healthcare,,,
sciformix technologies pvt ltd,healthcare,,,
shaligram prasad memorial health care pvt ltd,healthcare,,,
shanthi hospital & research centre pvt ltd,healthcare,,,
shreevarma bionaturals,healthcare,,,
sitaram ayurveda pharmacy limited,healthcare,,,
sks hospital india private ltd,healthcare,,,
sm diagnostics pvt ltd,healthcare,,,
smo-clinica,healthcare,,,
snapfitness,healthcare,,,
somnia east,healthcare,,,
spc lifesciences pvt ltd,healthcare,,,
sri sri ayurveda trust,healthcare,,,
stansource,healthcare,,,
starlife food supplements pvt ltd,healthcare,,,
steadfast medishield pvt ltd,healthcare,,,
strathspey labs,healthcare,,,
stryker global technology center,healthcare,,,
surya hospital,healthcare,,,
svizera healthcare,healthcare,,,
sysbiome technologies,healthcare,,,
systopic labs pvt ltd,healthcare,,,
talwalkars better value fitness ltd,healthcare,,,
tara homeopathy clinic,healthcare,,,
texbiosciences (p) ltd,healthcare,,,
the computants,healthcare,,,
the lady hospitals,healthcare,,,
the skin centre,healthcare,,,
themis pharmaceuticals,healthcare,,,
transgene biotek ltd,healthcare,,,
trivitron gp of companies,healthcare,,,
ummal qura general hospital,healthcare,,,
unicorn systems,healthcare,,,
unimex pvt ltd,healthcare,,,
unique diagnostics,healthcare,,,
valuepoint knowledgeworks (p) ltd,healthcare,,,
vans information limited,healthcare,,,
vedicure wellness pvt ltd,healthcare,,,
vee technologies pvt ltd,healthcare,,,
veeda clinical research,healthcare,,,
vidhata agritech pvt ltd,healthcare,,,
vittals medicare pvt ltd,healthcare,,,
watch my health,healthcare,,,
wellforte retail services llp,healthcare,,,
wexford laboratories pvt ltd,healthcare,,,
xertz solutions,healthcare,,,
zetta healthever pvt. ltd.,healthcare,,,
4ftbsys (p) ltd,Infrastructure and Construction,,,
7real estate consultants,Infrastructure and Construction,,,
a.a.nayak constructions pvt ltd,Infrastructure and Construction,,,
aakruthi group,Infrastructure and Construction,,,
abode realtors,Infrastructure and Construction,,,
access realty solutions private limited,Infrastructure and Construction,,,
admac,Infrastructure and Construction,,,
afcons infrastructure ltd,Infrastructure and Construction,,,
agni,Infrastructure and Construction,,,
ahlcons,Infrastructure and Construction,,,
aip group,Infrastructure and Construction,,,
alps prime spaces pvt ltd,Infrastructure and Construction,,,
ampa skywalk,Infrastructure and Construction,,,
ample properties,Infrastructure and Construction,,,
amr constructions limited,Infrastructure and Construction,,,
ancon institute of interior design,Infrastructure and Construction,,,
annai orchards (p) ltd,Infrastructure and Construction,,,
apaar enterprises,Infrastructure and Construction,,,
apeksha build homes pvt ltd,Infrastructure and Construction,,,
arab land group (alg),Infrastructure and Construction,,,
arihant shelters (india) limited,Infrastructure and Construction,,,
arihant superstructures ltd,Infrastructure and Construction,,,
artefact projects ltd,Infrastructure and Construction,,,
arya gruha pvt ltd,Infrastructure and Construction,,,
ashiana design consutants pvt ltd,Infrastructure and Construction,,,
asipac,Infrastructure and Construction,,,
ask real one infra pvt ltd,Infrastructure and Construction,,,
atul engineering pvt ltd,Infrastructure and Construction,,,
automorph design works,Infrastructure and Construction,,,
avinash khosla and associates,Infrastructure and Construction,,,
axis,Infrastructure and Construction,,,
baba ventures private limited,Infrastructure and Construction,,,
bansal india,Infrastructure and Construction,,,
bansal real estate investments & management p ltd,Infrastructure and Construction,,,
baton infrastructures limited,Infrastructure and Construction,,,
bcil-biodiversity conservation india pvt ltd,Infrastructure and Construction,,,
beam team india,Infrastructure and Construction,,,
besten engineers and consultants india pvt ltd,Infrastructure and Construction,,,
bfk studio,Infrastructure and Construction,,,
bharadwaj bharadwaj & associates,Infrastructure and Construction,,,
biraja construction pvt ltd,Infrastructure and Construction,,,
black & white aventura llp,Infrastructure and Construction,,,
blue valley properties private limited,Infrastructure and Construction,,,
bmf total solutions,Infrastructure and Construction,,,
bombay homes,Infrastructure and Construction,,,
bookaprop,Infrastructure and Construction,,,
bscpl infrastructure limited,Infrastructure and Construction,,,
bull machine pvt ltd,Infrastructure and Construction,,,
camron infrastructure india ltd,Infrastructure and Construction,,,
capable realty,Infrastructure and Construction,,,
ccarrera(india)inc,Infrastructure and Construction,,,
cherry hill interiors ltd,Infrastructure and Construction,,,
chesdin homes,Infrastructure and Construction,,,
chitte industries,Infrastructure and Construction,,,
cistron infotek,Infrastructure and Construction,,,
citi reality infrastructures,Infrastructure and Construction,,,
clover builders,Infrastructure and Construction,,,
cna architects,Infrastructure and Construction,,,
coastal projects limited,Infrastructure and Construction,,,
collage group,Infrastructure and Construction,,,
concorde group,Infrastructure and Construction,,,
copernicus india housing pvt ltd,Infrastructure and Construction,,,
cosmic group,Infrastructure and Construction,,,
cosmic structures pvt ltd,Infrastructure and Construction,,,
cosmos shelters and interiors (p) ltd,Infrastructure and Construction,,,
crimson realty,Infrastructure and Construction,,,
crown group,Infrastructure and Construction,,,
cysha interior pvt ltd,Infrastructure and Construction,,,
d k group of companies,Infrastructure and Construction,,,
daksha projects private limited,Infrastructure and Construction,,,
darode jog builders pvt ltd,Infrastructure and Construction,,,
dawn digital private limited,Infrastructure and Construction,,,
dbm geotechnics & constructions pvt ltd,Infrastructure and Construction,,,
dbs affordable home strategy limited,Infrastructure and Construction,,,
devddom interiors,Infrastructure and Construction,,,
dhruva associates,Infrastructure and Construction,,,
disha interiors pvt ltd,Infrastructure and Construction,,,
dp infosoft technologies pvt ltd,Infrastructure and Construction,,,
dream unlimited infraserv pvt ltd,Infrastructure and Construction,,,
dynamace corporation,Infrastructure and Construction,,,
e and a constructions private limited,Infrastructure and Construction,,,
eastbrook landholdings pvt ltd,Infrastructure and Construction,,,
ecoshield solutions pvt ltd,Infrastructure and Construction,,,
efs facilities services,Infrastructure and Construction,,,
elaan,Infrastructure and Construction,,,
envoy interiors,Infrastructure and Construction,,,
essence interiors,Infrastructure and Construction,,,
esteemed real estate organization,Infrastructure and Construction,,,
excellence shelters pvt ltd,Infrastructure and Construction,,,
excellence shelters pvt ltd,Infrastructure and Construction,,,
express infrastructure private limited,Infrastructure and Construction,,,
fairwood consultants,Infrastructure and Construction,,,
ferozes estates and properties,Infrastructure and Construction,,,
finesse interiors & consultants,Infrastructure and Construction,,,
fire luxur developers pvt ltd,Infrastructure and Construction,,,
five elements,Infrastructure and Construction,,,
form & space,Infrastructure and Construction,,,
fortuna,Infrastructure and Construction,,,
fortune resources pvt limited,Infrastructure and Construction,,,
four ps infrastructure pvt ltd,Infrastructure and Construction,,,
fourth axis architects,Infrastructure and Construction,,,
frameworkz,Infrastructure and Construction,,,
freight wings (p) ltd,Infrastructure and Construction,,,
fyfe (india) pvt ltd,Infrastructure and Construction,,,
g-con infrastructure pvt. ltd.,Infrastructure and Construction,,,
galaxy international realtech pvt ltd,Infrastructure and Construction,,,
galaxy survey engineering,Infrastructure and Construction,,,
genesis habitat,Infrastructure and Construction,,,
gennext infratech pvt. ltd.,Infrastructure and Construction,,,
geohomz developers india (p) ltd,Infrastructure and Construction,,,
gharaonda interiors pvt ltd,Infrastructure and Construction,,,
glitzrealcon pvt ltd,Infrastructure and Construction,,,
gmdac,Infrastructure and Construction,,,
god will real estate pvt ltd,Infrastructure and Construction,,,
goel agencies pvt ltd,Infrastructure and Construction,,,
goldmine developers pvt ltd,Infrastructure and Construction,,,
grandtech homes,Infrastructure and Construction,,,
greenlounge,Infrastructure and Construction,,,
greenpiece landscapes india pvt ltd,Infrastructure and Construction,,,
gulshan estate agents pvt ltd,Infrastructure and Construction,,,
gulshan properties,Infrastructure and Construction,,,
h&h mech tech,Infrastructure and Construction,,,
hajee a p bava & co,Infrastructure and Construction,,,
halda office systems pvt ltd,Infrastructure and Construction,,,
harji engineering (p) limited,Infrastructure and Construction,,,
hbo+emtb,Infrastructure and Construction,,,
hcp design and project management pvt ltd,Infrastructure and Construction,,,
heramb structrural pvt ltd,Infrastructure and Construction,,,
hi-q design & detailing services pvt ltd,Infrastructure and Construction,,,
hicon hera buildtech pvt ltd,Infrastructure and Construction,,,
high point rendel,Infrastructure and Construction,,,
home360,Infrastructure and Construction,,,
homz solutions,Infrastructure and Construction,,,
hot properties & finance consultant,Infrastructure and Construction,,,
housing development & infrastructure ltd (hdil),Infrastructure and Construction,,,
ikus interior studios,Infrastructure and Construction,,,
impero developers private limited,Infrastructure and Construction,,,
inc developers,Infrastructure and Construction,,,
indiana properties,Infrastructure and Construction,,,
indiaproperties com pvt ltd,Infrastructure and Construction,,,
infra 13 (p) ltd,Infrastructure and Construction,,,
innovions consulting pvt ltd,Infrastructure and Construction,,,
inspirationz,Infrastructure and Construction,,,
interprise innovation india,Infrastructure and Construction,,,
investinnest,Infrastructure and Construction,,,
investors vision infraventures pvt ltd,Infrastructure and Construction,,,
istructure,Infrastructure and Construction,,,
jacsons furniture pvt ltd,Infrastructure and Construction,,,
jai sai realheight marketing pvt. ltd.,Infrastructure and Construction,,,
jain housing,Infrastructure and Construction,,,
jain properties,Infrastructure and Construction,,,
jainson infracom,Infrastructure and Construction,,,
jaypee projects ltd,Infrastructure and Construction,,,
jll,Infrastructure and Construction,,,
jp parekh,Infrastructure and Construction,,,
k world estate pvt ltd,Infrastructure and Construction,,,
kaito industry,Infrastructure and Construction,,,
kalky interior,Infrastructure and Construction,,,
kamdhenu cement ltd,Infrastructure and Construction,,,
khubchandani interbuilt pvt ltd,Infrastructure and Construction,,,
kiran techno services (p) ltd,Infrastructure and Construction,,,
kivar environ private limited,Infrastructure and Construction,,,
klassic constructions pvt ltd,Infrastructure and Construction,,,
klb & sons,Infrastructure and Construction,,,
kmip ltd,Infrastructure and Construction,,,
knchan infrastructures ltd,Infrastructure and Construction,,,
kolkata properties,Infrastructure and Construction,,,
kottakkal wood complex,Infrastructure and Construction,,,
krisako,Infrastructure and Construction,,,
kristal group,Infrastructure and Construction,,,
kriticons ltd,Infrastructure and Construction,,,
lokus design pvt ltd,Infrastructure and Construction,,,
lunkad realty,Infrastructure and Construction,,,
m v projects (india) pvt ltd,Infrastructure and Construction,,,
m/s ankur associates,Infrastructure and Construction,,,
m/s uppal chadha hi-tech developers pvt ltd,Infrastructure and Construction,,,
manisha constructions,Infrastructure and Construction,,,
maruti build tech pvt ltd,Infrastructure and Construction,,,
matts corner india (p) ltd,Infrastructure and Construction,,,
maxval-ip ventures india pvt ltd,Infrastructure and Construction,,,
melamaju engineering pvt ltd,Infrastructure and Construction,,,
metal tech constructions pvt ltd,Infrastructure and Construction,,,
mgl group,Infrastructure and Construction,,,
microsys (india),Infrastructure and Construction,,,
microtek infrastructures pvt. ltd,Infrastructure and Construction,,,
minerva buildtech private limited,Infrastructure and Construction,,,
minwool rock fibres ltd,Infrastructure and Construction,,,
monarch universal,Infrastructure and Construction,,,
mount view projects pvt ltd,Infrastructure and Construction,,,
ms shelters pvt ltd,Infrastructure and Construction,,,
mues- hest india pvt. ltd.,Infrastructure and Construction,,,
mustafa eisa design,Infrastructure and Construction,,,
mycon construction limited,Infrastructure and Construction,,,
myriad infrastructure (p) limited,Infrastructure and Construction,,,
nag interiors pvt ltd,Infrastructure and Construction,,,
nativity,Infrastructure and Construction,,,
navbhart insulation & engineering co,Infrastructure and Construction,,,
niepco,Infrastructure and Construction,,,
nilite constructions,Infrastructure and Construction,,,
nine globe industries pvt ltd,Infrastructure and Construction,,,
nirman india,Infrastructure and Construction,,,
nivesh infratech solutions,Infrastructure and Construction,,,
notion - exotic decor pvt ltd,Infrastructure and Construction,,,
ojalinc engineering consultants (p) ltd,Infrastructure and Construction,,,
om metals infraprojects ltd,Infrastructure and Construction,,,
orient city scape private limited,Infrastructure and Construction,,,
oriental marketing company,Infrastructure and Construction,,,
osb group,Infrastructure and Construction,,,
panama sunarch developers,Infrastructure and Construction,,,
patel realty india ltd,Infrastructure and Construction,,,
pegasus properties,Infrastructure and Construction,,,
people group infra build,Infrastructure and Construction,,,
petroguard canopy systems,Infrastructure and Construction,,,
phoenix infra estate international private limited,Infrastructure and Construction,,,
pink city expressway pvt ltd,Infrastructure and Construction,,,
pioneer profin ltd,Infrastructure and Construction,,,
planman realty,Infrastructure and Construction,,,
pmk architects,Infrastructure and Construction,,,
podium infotech,Infrastructure and Construction,,,
power net systems pvt ltd,Infrastructure and Construction,,,
praful infrastrcuture private limited,Infrastructure and Construction,,,
prananya homes,Infrastructure and Construction,,,
prerna group,Infrastructure and Construction,,,
prime property dealers,Infrastructure and Construction,,,
proactive projects pvt ltd,Infrastructure and Construction,,,
professional landbase infrabuild pvt ltd,Infrastructure and Construction,,,
progressive decorators,Infrastructure and Construction,,,
property mission,Infrastructure and Construction,,,
property one shop,Infrastructure and Construction,,,
propgarden estates pvt ltd,Infrastructure and Construction,,,
propmaster realty pvt ltd,Infrastructure and Construction,,,
propmax india infracity private limited,Infrastructure and Construction,,,
proprealmart,Infrastructure and Construction,,,
propshell business solutions pvt ltd,Infrastructure and Construction,,,
propzone realcon pvt. ltd.,Infrastructure and Construction,,,
proscape india,Infrastructure and Construction,,,
provence realty private limited,Infrastructure and Construction,,,
pucon,Infrastructure and Construction,,,
pumpkin realtors,Infrastructure and Construction,,,
puranik builders pvt ltd,Infrastructure and Construction,,,
quansys india,Infrastructure and Construction,,,
quippo valuers & auctioneers pvt ltd,Infrastructure and Construction,,,
qutone ceramic pvt ltd,Infrastructure and Construction,,,
r d and m architects,Infrastructure and Construction,,,
rajesh projects,Infrastructure and Construction,,,
rajshekhar construction,Infrastructure and Construction,,,
rajshi constructions pvt ltd,Infrastructure and Construction,,,
ranisati-group,Infrastructure and Construction,,,
ratnarup projects pvt ltd,Infrastructure and Construction,,,
realdna infra pvt ltd,Infrastructure and Construction,,,
reflex realty & financial consultan,Infrastructure and Construction,,,
regrob,Infrastructure and Construction,,,
remax entrust real estate,Infrastructure and Construction,,,
rex home india pvt ltd,Infrastructure and Construction,,,
rich infra developers india limited,Infrastructure and Construction,,,
rise and shine,Infrastructure and Construction,,,
rising realty,Infrastructure and Construction,,,
rmr marmo pvt ltd,Infrastructure and Construction,,,
rohaan constructions pvt ltd,Infrastructure and Construction,,,
rohan housing pvt ltd,Infrastructure and Construction,,,
rose valley,Infrastructure and Construction,,,
royal infra private limited,Infrastructure and Construction,,,
royal splendour,Infrastructure and Construction,,,
royal touch,Infrastructure and Construction,,,
rtc goyal group,Infrastructure and Construction,,,
rudrabhishek enterprises pvt ltd,Infrastructure and Construction,,,
runwal group,Infrastructure and Construction,,,
s & s constructions pvt ltd,Infrastructure and Construction,,,
saarrthigroup,Infrastructure and Construction,,,
saroj builds & properties pvt ltd,Infrastructure and Construction,,,
sarvaria & brothers,Infrastructure and Construction,,,
satu construction company berhad,Infrastructure and Construction,,,
satva infratech private limited,Infrastructure and Construction,,,
seacon infra,Infrastructure and Construction,,,
serve india infrastructure private limited,Infrastructure and Construction,,,
shafi group of services,Infrastructure and Construction,,,
shasta projects & estates pvt ltd,Infrastructure and Construction,,,
shirdi industries ltd,Infrastructure and Construction,,,
shree building solutions,Infrastructure and Construction,,,
shree corp,Infrastructure and Construction,,,
shree ganesh deals,Infrastructure and Construction,,,
shree sai baishnavi infraprojects pvt. ltd.,Infrastructure and Construction,,,
shreeshyam designs pvt ltd,Infrastructure and Construction,,,
shubh nivesh financial services,Infrastructure and Construction,,,
sikri group of companies,Infrastructure and Construction,,,
sjr enterprises,Infrastructure and Construction,,,
smb consultants,Infrastructure and Construction,,,
snc-lavalin,Infrastructure and Construction,,,
snl,Infrastructure and Construction,,,
solid foundation,Infrastructure and Construction,,,
southern investments pvt ltd,Infrastructure and Construction,,,
space kreators developers pvt ltd,Infrastructure and Construction,,,
space metrics,Infrastructure and Construction,,,
space solutions,Infrastructure and Construction,,,
spacewise,Infrastructure and Construction,,,
spar geo infra pvt ltd,Infrastructure and Construction,,,
spectrum,Infrastructure and Construction,,,
sqanda prefab world,Infrastructure and Construction,,,
sree kailas group,Infrastructure and Construction,,,
sri balaji engineering company,Infrastructure and Construction,,,
starboard infratech pvt ltd,Infrastructure and Construction,,,
sumangalam propmart pvt ltd,Infrastructure and Construction,,,
sumayya developers ltd,Infrastructure and Construction,,,
suncity projects pvt ltd,Infrastructure and Construction,,,
suvi international,Infrastructure and Construction,,,
svs propmart pvt ltd,Infrastructure and Construction,,,
symphony interiors turnkey solutions pvt ltd,Infrastructure and Construction,,,
tebodin mukesh india,Infrastructure and Construction,,,
tech constructions pvt ltd,Infrastructure and Construction,,,
tfd consultants,Infrastructure and Construction,,,
the fortune group,Infrastructure and Construction,,,
the top remodelers,Infrastructure and Construction,,,
the vardhman developers,Infrastructure and Construction,,,
tisya impex pvt ltd,Infrastructure and Construction,,,
today homes and infrastructure pvt ltd,Infrastructure and Construction,,,
townce,Infrastructure and Construction,,,
tripl,Infrastructure and Construction,,,
trirup construction,Infrastructure and Construction,,,
truprop advisors pvt ltd,Infrastructure and Construction,,,
u & i interiors pvt. ltd.,Infrastructure and Construction,,,
ubiqon construction,Infrastructure and Construction,,,
ulcyberpark,Infrastructure and Construction,,,
unnati fortune group,Infrastructure and Construction,,,
us appraisal,Infrastructure and Construction,,,
usp trading and manufacturing pvt ltd,Infrastructure and Construction,,,
v & j valuers & consultants,Infrastructure and Construction,,,
vastuworld environmental services,Infrastructure and Construction,,,
ventana window systems,Infrastructure and Construction,,,
victoria group,Infrastructure and Construction,,,
vipin shah & associates,Infrastructure and Construction,,,
vk:a architecture,Infrastructure and Construction,,,
vplan4u property & project solutions,Infrastructure and Construction,,,
vs realtors india pvt ltd,Infrastructure and Construction,,,
vsource building materials pvt ltd,Infrastructure and Construction,,,
vyom,Infrastructure and Construction,,,
wealth mantra ltd,Infrastructure and Construction,,,
wealth property,Infrastructure and Construction,,,
weatherframes,Infrastructure and Construction,,,
welcome infraestate pvt. ltd.,Infrastructure and Construction,,,
wellnest india,Infrastructure and Construction,,,
westwood lifestyles,Infrastructure and Construction,,,
whistlinggroup,Infrastructure and Construction,,,
xhilarant solutions pvt ltd,Infrastructure and Construction,,,
yantram bpo services pvt ltd,Infrastructure and Construction,,,
zephyr infratech pvt ltd,Infrastructure and Construction,,,
